col_name,shap
free_sulfur_dioxide,0.021550572128641844
color,0.02016432830332648
volatile_acidity,0.01660705268804986
alcohol,0.008158915915923565
sulphates,0.007826960897178164
density,0.007382914552492345
residual_sugar,0.007106774100518708
pH,0.007017138435363013
total_sulfur_dioxide,0.006958883889452373
chlorides,0.0066050464849135215
citric_acid,0.006220242204041907
fixed_acidity,0.0040829051307817955
quality,0.0
