col_name,shap
alcohol,0.08797178722230659
density,0.044139712246212125
chlorides,0.041995802245394176
pH,0.037018642845257174
volatile_acidity,0.03622846870113396
residual_sugar,0.0345963443976135
total_sulfur_dioxide,0.033008759159878796
free_sulfur_dioxide,0.02946036304471725
citric_acid,0.028621385630104433
sulphates,0.02729001538705096
fixed_acidity,0.022838715978436383
color,0.019370910340569668
quality,0.0
