col_name,shap
alcohol,0.08743657437360336
density,0.0430005533419986
volatile_acidity,0.040085868695963416
chlorides,0.0394574425418515
free_sulfur_dioxide,0.035628314289040806
total_sulfur_dioxide,0.03365014191145736
residual_sugar,0.03215466027080318
pH,0.03139664841869526
sulphates,0.02992720134252146
citric_acid,0.028904348191497006
fixed_acidity,0.020016244882626422
color,0.0009865419018328463
quality,0.0
